"","x1","x2","x3"
"1",0.540500163751723,0.395052427929705,-2.38615129176298
"2",0.910044632236373,-0.182082635108866,10.7282178045715
"3",0.0469426258357614,2.70958530639177,4.26385695558179
"4",0.241263891897192,3.68064806195867,6.36260133654698
"5",-0.918283149273049,1.04249274480816,11.5899478291541
"6",1.91490495040263,-0.321445198720865,-2.10655369546562
"7",-0.747969561786368,4.27741393005938,2.28840761436842
"8",0.0630434289251688,3.27858448257311,1.60399661781784
"9",-0.367490831299795,0.479518483523942,7.27932886767917
"10",0.838017624275879,1.03805637931547,3.85967103117097
"11",0.935865623002552,2.789798217678,7.90013991716346
"12",-1.74785740874234,0.894344253079011,1.88793071429847
"13",0.119253904190009,-0.666355134962918,12.1969286445952
"14",-0.194216585515297,2.9225853569906,-1.62806980387102
"15",0.886129013273958,5.52602207494611,1.19920023128523
"16",1.58322392519902,-0.54707948011139,1.49736181174943
"17",0.780721453008818,1.43437917618762,-0.185934582292888
"18",-0.457686969595061,4.89031926584123,1.86638279588197
"19",-1.19222906456905,1.85005786549314,2.23475872242324
"20",-1.46088501097375,1.87456502612257,2.76190586925204
"21",0.109815617185304,-0.613357762122045,0.815133579808313
"22",1.6954075771798,0.274177810600334,7.1801878904894
"23",-0.530594196206238,1.269585462376,-0.608156032999791
"24",0.697301510422396,0.184180294936469,-1.01315372806079
"25",-1.13269179827764,5.55822904659491,2.17938035281495
"26",-1.19679727890913,-0.746513595290489,-3.33565898814443
"27",0.0545251794576632,-1.44852069180539,10.5809229876966
"28",-0.338753719796674,1.90417535856566,1.85210423099334
"29",-1.68881784712166,2.88245903940687,10.5363144663472
"30",0.709082245743396,5.29807078494094,0.0662315166977425
"31",-1.46704159236942,2.23107587467125,8.82641198235001
"32",0.324757891303206,0.926124401689782,3.05028622198676
"33",0.984294308718932,-0.547903776292465,-1.27097456999853
"34",0.522966374373604,0.779622913392459,-6.0657168063782
"35",-0.160152771477156,1.73541397093744,-5.50030243384926
"36",-1.08960992186673,4.44033346085845,1.82394561755009
"37",-0.992873997408861,4.23774857344521,2.69985375223231
"38",1.33405771736173,0.256445321953773,9.43975528938997
"39",-0.317125994500984,1.52284916533057,8.04123330077856
"40",1.11807954451388,1.71806626430166,-0.925732762964104
"41",1.35838777958863,0.795298581221523,2.8417197985376
"42",-1.32980182606285,-1.45901232979734,7.83039973050475
"43",-0.389394874257762,3.26334619944197,6.16109387422536
"44",-0.219169652075668,2.57337313116821,4.45031705546244
"45",0.286492801729865,2.75479550570719,2.55983847266135
"46",1.39893951099818,3.33179447895472,9.87558701747179
"47",0.148034616148447,6.7547044110502,-0.865804046287108
"48",0.441443266892392,5.29436366145475,3.77067417987705
"49",-1.02509553286507,3.59821723413426,2.43047002566074
"50",-1.65877480790313,1.20811063553652,30
"51",0.65644753723409,2.01493422340531,-3.89667891439316
"52",-0.355821214030707,2.00004785441822,3.08356129400073
"53",0.860848763357358,3.1924224186899,13.0015393636651
"54",-0.47403938877497,3.10661444096866,-5.14296364094782
"55",0.480048668279489,0.706793521361512,-1.66821390142302
"56",1.6569685403425,2.10607688435381,3.15222410483256
"57",-1.55700345177926,-0.0356243599782737,10.1621139146689
"58",1.70396978282659,2.73341787942602,0.432911236445623
"59",-0.0900660762664207,0.586526564626515,4.54504366159745
"60",0.324782585007758,5.66539290219337,-2.97393853582833
"61",0.0763771830395111,2.28733558338003,-7.061805038547
"62",-1.1563292734972,-0.794248363025336,12.7800621121915
"63",0.665713912899441,1.21467569366047,3.92384278186846
"64",-1.07353230978128,1.68515679501987,-3.02364354964941
"65",-0.343850116782456,2.28215434192681,5.65722112408157
"66",-0.531497957394485,-0.420313135720296,-0.179956949796263
"67",1.81895177769234,4.78644468425427,3.68433502860559
"68",-0.118212869283644,2.12586420545713,3.36928026337111
"69",0.4827838289764,2.75431547212086,-0.0755681155193733
"70",-0.159765295861781,1.63443087762941,3.23387015820211
"71",0.937601550791274,3.9455200664512,-6.12538883088496
"72",-0.489305639657349,1.75094566790569,8.66154755612295
"73",0.761073542676135,-0.222065888498082,6.81896491292351
"74",0.712947774376796,0.728500338300929,4.34793601688971
"75",0.21803562150691,-0.378114485853347,4.05932044120468
"76",1.40365988353387,0.582745001672189,12.969504850117
"77",0.508945982271432,2.6026633478613,12.5143310464455
"78",0.351371004997045,2.18639286132048,12.297909418091
"79",1.51073273582016,2.60044281862571,-0.10205733479703
"80",-1.49215317686176,0.608149569340831,-0.885881409338823
"81",0.611750308855005,2.14304120601772,-1.37711642326187
"82",-0.725988923554606,1.36603054091945,-1.81329009958046
"83",0.29796975912116,0.412511043074427,-6.74909709704802
"84",-0.841817671978555,1.90577178930609,4.97845233223817
"85",-0.203892299895434,3.46550150926427,2.13336214697687
"86",0.90348693913569,2.76584721401421,0.0993936663730706
"87",2.75468705340491,3.23387444265729,-1.48690678064038
"88",0.104765125517819,5.94910475157547,9.09624433991251
"89",0.20307939946238,-2.39280070124025,7.55286729376483
"90",0.180384214020902,1.21241453518085,-2.08427209574001
"91",0.551807199016158,3.67194823004756,3.19037809007167
"92",0.395091230160163,1.87683900478612,-4.66536993832495
"93",-0.200509861383521,-2.20515732062747,1.53817249776526
"94",0.0201380401643814,2.92116999858948,5.57080561868273
"95",0.864390161687897,2.77003617291229,-5.02151085272372
"96",-1.68588626290672,1.9487591600349,7.42559910669204
"97",-1.14436063960202,2.92466875233125,-0.490411423261756
"98",-1.48378205600497,3.12814875033841,6.64775954834076
"99",1.11095059832171,1.98480099554319,8.75767979620973
"100",0.139837258429417,2.33009128110721,13.6317932390934
